Dataset,Feature_Type,Accuracy,Precision,Recall,F1_Score,Training_Time,Prediction_Time,Avg_Prediction_Time
USTC,CAE,0.8539849012250802,0.8594323092490651,0.8539849012250802,0.8559774965311906,11.792943716049194,0.012433528900146484,5.6206902491508e-07
USTC,ADCAE,0.8900140138330094,0.8937688019307996,0.8900140138330094,0.8913180893788312,10.978248357772827,0.01024317741394043,4.6305218633608017e-07
CTU,CAE,0.8915183867141162,0.8914028717687403,0.8915183867141162,0.8914026775355736,83.86826658248901,0.009011507034301758,5.344903341815989e-07
CTU,ADCAE,0.8685646500593119,0.8678016443579543,0.8685646500593119,0.8681339289890297,7.925121784210205,0.007669687271118164,4.549043458551699e-07
