Dataset,Feature_Type,Accuracy,Precision,Recall,F1_Score,Training_Time,Prediction_Time,Avg_Prediction_Time
CTU,KPCA,0.9090747383712312,0.9082842221168953,0.9090747383712312,0.906481061088361,7.317433595657349,0.11244678497314453,3.3336333038790588e-06
