Dataset,Feature_Type,Accuracy,Precision,Recall,F1_Score,Training_Time,Prediction_Time,Avg_Prediction_Time
USTC,KPCA,0.9290701615636652,0.9345934989652426,0.9290701615636652,0.9296699735983796,12.495624780654907,0.2350916862487793,5.3122062196086156e-06
CTU,KPCA,0.9107349322581602,0.9102363296676286,0.9107349322581602,0.9084312939394436,20.38894009590149,0.3148386478424072,9.333807116373876e-06
