Dataset,Feature_Type,Accuracy,Precision,Recall,F1_Score,Training_Time,Prediction_Time,Avg_Prediction_Time
USTC,PCA,0.9234436786803751,0.9336851446033422,0.9234436786803751,0.9242883694270764,35.306092262268066,0.1860806941986084,4.2047383165429534e-06
USTC,KPCA,0.9343576996949498,0.9410912340687791,0.9343576996949498,0.9350425101667436,41.94555640220642,0.24417328834533691,5.517416977637259e-06
USTC,CAE,0.9308349532118801,0.9350094829380776,0.9308349532118801,0.9306493170147633,110.12606453895569,0.16026091575622559,7.2447410043047594e-06
USTC,ADCAE,0.9296143935626779,0.9385151805968701,0.9296143935626779,0.929291869414999,110.1096761226654,0.11945319175720215,5.3999905861942114e-06
CTU,PCA,0.9280780291126857,0.9272246315865105,0.9280780291126857,0.9263984657356453,51.256070375442505,0.2709686756134033,8.033223907189331e-06
CTU,KPCA,0.9088079214965462,0.9182291165002298,0.9088079214965462,0.9111656284622122,51.40496492385864,0.2840869426727295,8.422132242528519e-06
CTU,CAE,0.9463819691577698,0.9460977013729877,0.9463819691577698,0.9458349706797649,139.8133373260498,0.2023928165435791,1.2004318893450717e-05
CTU,ADCAE,0.9431791221826809,0.9431739075636085,0.9431791221826809,0.9428184219269674,146.80829286575317,0.16862916946411133,1.0001730098701739e-05
