{
  "activation_comparison": {
    "elu": {
      "dataset": "CTU",
      "experiment_type": "activation_comparison",
      "condition": "elu",
      "accuracy": 0.8900355871886121,
      "precision": 0.8897127943468934,
      "recall": 0.8900355871886121,
      "f1_score": 0.8898248432926726,
      "training_time": 80.2699842453003,
      "prediction_time": 0.008160591125488281,
      "confusion_matrix": [
        [
          547,
          0,
          5,
          13,
          1,
          19,
          3,
          188,
          88,
          0
        ],
        [
          1,
          25,
          0,
          0,
          0,
          1,
          1,
          0,
          2,
          0
        ],
        [
          9,
          0,
          183,
          48,
          10,
          27,
          0,
          19,
          9,
          1
        ],
        [
          12,
          1,
          43,
          625,
          60,
          129,
          1,
          16,
          7,
          5
        ],
        [
          0,
          0,
          4,
          47,
          1212,
          54,
          0,
          2,
          1,
          2
        ],
        [
          18,
          1,
          21,
          122,
          65,
          4807,
          17,
          41,
          6,
          4
        ],
        [
          3,
          2,
          1,
          1,
          2,
          13,
          4437,
          4,
          2,
          0
        ],
        [
          189,
          1,
          15,
          21,
          2,
          41,
          6,
          760,
          145,
          1
        ],
        [
          98,
          1,
          3,
          13,
          0,
          7,
          3,
          150,
          2185,
          0
        ],
        [
          0,
          0,
          0,
          1,
          1,
          1,
          1,
          2,
          0,
          225
        ]
      ],
      "hyperparameters": {
        "max_depth": null,
        "min_samples_split": 2,
        "min_samples_leaf": 1,
        "max_features": null,
        "criterion": "entropy",
        "class_weight": null,
        "random_state": 42,
        "splitter": "best"
      },
      "num_features": 128,
      "train_samples": 151795,
      "test_samples": 16860,
      "num_classes": 10,
      "model_path": "D:\\Python Project\\ADCAE\\ML+DL\\ADCAE_test\\DT\\results_CTU\\dt_model_activation_comparison_elu.pkl"
    },
    "relu": {
      "dataset": "CTU",
      "experiment_type": "activation_comparison",
      "condition": "relu",
      "accuracy": 0.8590747330960854,
      "precision": 0.8629733565378521,
      "recall": 0.8590747330960854,
      "f1_score": 0.8607249489083126,
      "training_time": 3.0287671089172363,
      "prediction_time": 0.007928848266601562,
      "confusion_matrix": [
        [
          492,
          0,
          24,
          17,
          0,
          12,
          2,
          228,
          89,
          0
        ],
        [
          1,
          23,
          0,
          2,
          0,
          0,
          3,
          0,
          1,
          0
        ],
        [
          28,
          0,
          152,
          54,
          15,
          15,
          0,
          26,
          16,
          0
        ],
        [
          15,
          2,
          41,
          575,
          62,
          143,
          1,
          31,
          25,
          4
        ],
        [
          1,
          0,
          24,
          83,
          1158,
          54,
          0,
          0,
          0,
          2
        ],
        [
          23,
          2,
          22,
          176,
          62,
          4755,
          25,
          29,
          5,
          3
        ],
        [
          5,
          2,
          0,
          1,
          1,
          31,
          4423,
          0,
          2,
          0
        ],
        [
          244,
          0,
          40,
          53,
          0,
          44,
          10,
          634,
          156,
          0
        ],
        [
          175,
          1,
          23,
          24,
          0,
          8,
          0,
          179,
          2050,
          0
        ],
        [
          0,
          0,
          2,
          2,
          3,
          2,
          0,
          0,
          0,
          222
        ]
      ],
      "hyperparameters": {
        "max_depth": null,
        "min_samples_split": 3,
        "min_samples_leaf": 2,
        "max_features": "sqrt",
        "criterion": "entropy",
        "class_weight": null,
        "random_state": 42,
        "splitter": "best"
      },
      "num_features": 128,
      "train_samples": 151795,
      "test_samples": 16860,
      "num_classes": 10,
      "model_path": "D:\\Python Project\\ADCAE\\ML+DL\\ADCAE_test\\DT\\results_CTU\\dt_model_activation_comparison_relu.pkl"
    },
    "sigmoid": {
      "dataset": "CTU",
      "experiment_type": "activation_comparison",
      "condition": "sigmoid",
      "accuracy": 0.7373072360616845,
      "precision": 0.7531087122489065,
      "recall": 0.7373072360616845,
      "f1_score": 0.743627182641194,
      "training_time": 0.2554137706756592,
      "prediction_time": 0.008632421493530273,
      "confusion_matrix": [
        [
          378,
          0,
          33,
          46,
          14,
          86,
          6,
          177,
          124,
          0
        ],
        [
          0,
          23,
          0,
          1,
          0,
          1,
          3,
          0,
          2,
          0
        ],
        [
          41,
          0,
          134,
          32,
          9,
          27,
          7,
          32,
          22,
          2
        ],
        [
          63,
          0,
          38,
          338,
          88,
          264,
          35,
          30,
          41,
          2
        ],
        [
          7,
          0,
          24,
          132,
          917,
          178,
          60,
          3,
          0,
          1
        ],
        [
          119,
          1,
          45,
          420,
          225,
          4089,
          59,
          112,
          29,
          3
        ],
        [
          10,
          9,
          12,
          48,
          109,
          85,
          4131,
          3,
          57,
          1
        ],
        [
          300,
          0,
          43,
          68,
          10,
          171,
          19,
          441,
          129,
          0
        ],
        [
          257,
          1,
          46,
          62,
          4,
          65,
          76,
          182,
          1767,
          0
        ],
        [
          0,
          0,
          2,
          10,
          0,
          3,
          2,
          0,
          1,
          213
        ]
      ],
      "hyperparameters": {
        "max_depth": null,
        "min_samples_split": 4,
        "min_samples_leaf": 2,
        "max_features": "log2",
        "criterion": "entropy",
        "class_weight": null,
        "random_state": 42,
        "splitter": "random"
      },
      "num_features": 128,
      "train_samples": 151795,
      "test_samples": 16860,
      "num_classes": 10,
      "model_path": "D:\\Python Project\\ADCAE\\ML+DL\\ADCAE_test\\DT\\results_CTU\\dt_model_activation_comparison_sigmoid.pkl"
    }
  },
  "attention_comparison": {
    "with_cbam": {
      "dataset": "CTU",
      "experiment_type": "attention_comparison",
      "condition": "with_cbam",
      "accuracy": 0.8833926453143535,
      "precision": 0.8826396081566154,
      "recall": 0.8833926453143535,
      "f1_score": 0.8829055723671643,
      "training_time": 88.55654168128967,
      "prediction_time": 0.006596565246582031,